properties.level,properties.speed,properties.day_of_week,properties.weekday_weekend,X,Y,MaxInjuryS,LightCondi,Commercial,NumberOfFa,NumberOfIn,NumberOfOt,NumberOfSe,NumberOfVe,Intersecti,interstate_is_odd,year,day_sin,day_cos,month_sin,month_cos,hour_sin,hour_cos,minute_sin,minute_cos,curve,grade,WET,DRY,UNKNOWN,FLOODED WATER,SNOW/ICE,SLUSH,two_way,divided,protected_medium,CLOUDY,CLEAR,RAIN,SLEET/HAIL/FREEZING RAIN,SNOW,CollisionT,CrashType,TrafficCon,CountyName,CityTownNa,properties.delay,properties.length,Predicted Delay,Predicted Length
1.0,42.45836394444444,4,0,-75.9676254791933,42.3196910523722,0,0,0,0,0,0,0,1,0,1,2022,-0.9377521321470804,0.3473052528448203,0.8660254037844386,0.5000000000000001,0.8169698930104421,-0.5766803221148671,-0.7164567402983151,-0.6976315211349847,0,0,0,0,0,0,0,1,0,0,0,0,0,0,1,0,other,collision with snow embankment,none,broome,barker,1.0,1.83925816,2.0255555555555556,3.8776035884000004
1.0,36.592610166666674,5,1,-76.1361091889575,42.5935112039708,0,0,0,0,0,0,0,1,0,1,2022,0.6513724827222223,-0.758758122692791,1.0,6.123233995736766e-17,-0.1361666490962464,-0.9906859460363308,0.2113826236296243,0.9774033898178668,0,0,0,0,0,0,1,0,0,0,0,0,0,0,0,1,other,collision with guide rail,none,cortland,cortlandville,1.1333333333333333,1.592573873,1.8966666666666667,3.432370554533334
3.0,12.21617788888889,4,0,-73.9648687583486,41.5211875598814,3,3,1,0,1,0,1,1,0,0,2021,0.7907757369376989,-0.6121059825476626,1.2246467991473532e-16,-1.0,0.2697967711570243,0.9629172873477994,0.9574220383620056,0.2886919473396211,0,0,0,1,0,0,0,0,1,1,0,0,1,0,0,0,other,collision with earth element rock cut ditch,none,dutchess,fishkill,2.966666666666667,0.792248025,1.8255555555555556,3.171519008733333
1.0,39.05945788888889,0,0,-75.8974086006283,42.1727292786527,0,3,0,0,0,0,0,1,0,0,2022,0.299363122973358,-0.9541392564000488,0.8660254037844386,0.5000000000000001,0.2697967711570243,0.9629172873477994,0.6382441836448203,-0.769833983429906,0,0,0,1,0,0,0,0,0,0,0,1,0,0,0,0,other,collision with deer,none,broome,chenango,1.0666666666666669,1.872190823,1.5333333333333334,2.3062391788666674
1.0,44.17335127777778,4,0,-79.74129463103,42.1310605954479,1,0,0,0,1,1,0,1,0,0,2021,-0.8486442574947509,0.5289640103269624,-0.5000000000000004,0.8660254037844384,-0.6310879443260528,-0.7757112907044198,-0.678311836269616,0.7347741508630673,0,0,0,0,0,0,1,0,0,0,0,0,0,0,0,1,other,collision with guide rail,none,chautauqua,mina,3.6,7.735447579000001,1.6944444444444444,3.0744194338000006
1.0,44.608311833333325,4,0,-78.9099709503826,42.9807475183118,3,0,0,0,1,0,1,2,0,0,2022,-0.9377521321470804,0.3473052528448203,0.8660254037844386,0.5000000000000001,0.9422609221188204,-0.3348796121709861,0.2631025642275216,-0.9647678688145158,1,0,0,0,0,0,1,0,0,0,0,0,0,0,0,1,overtaking,collision with other barrier,none,erie,tonawanda,1.7166666666666666,4.242099817,2.0155555555555553,2.887428187533333
4.0,3.268417888888889,4,0,-73.8977989205681,40.8439615835776,2,1,0,0,1,1,0,2,0,1,2022,-0.101168321987432,-0.9948693233918952,-1.0,-1.8369701987210294e-16,0.9790840876823228,0.2034560130526337,-0.0532221748421785,-0.998582695676762,0,0,0,1,0,0,0,0,0,0,0,0,1,0,0,0,overtaking,collision with motor vehicle,none,bronx,bronx,1.9166666666666667,0.116817748,1.8433333333333333,0.7014450095333333
2.0,29.533821722222225,4,0,-73.9955214563735,41.5193549066556,0,3,0,0,0,0,0,3,0,0,2022,-0.72479278722912,0.6889669190756865,0.4999999999999999,-0.8660254037844387,0.8878852184023752,0.4600650377311522,0.847734427889671,-0.5304209081197424,0,0,0,1,0,0,0,0,0,0,0,1,0,0,0,0,other,collision with motor vehicle,no passing zone,dutchess,fishkill,1.0,1.014077472,5.054444444444444,1.504007793133333
1.0,39.95423388888889,5,1,-76.0472673169303,42.4674803237331,0,0,0,0,0,0,0,1,0,1,2022,0.9987165071710528,-0.0506491688387126,0.4999999999999999,0.8660254037844387,0.9422609221188204,-0.3348796121709861,0.1062934856473654,0.9943348002101372,0,0,0,0,0,0,1,0,0,0,0,1,0,0,0,0,other,collision with earth element rock cut ditch,none,cortland,marathon,2.9166666666666665,4.406763132,2.3922222222222222,3.5958739769999997
1.0,37.79807227777778,0,0,-76.1638357448691,43.0664220557283,0,1,0,0,0,0,0,2,1,0,2022,-0.5712682150947924,0.8207634412072763,1.0,6.123233995736766e-17,0.9976687691905392,-0.0682424133646708,-0.4610925014493259,-0.8873520750565715,0,0,0,0,0,0,1,0,0,0,0,0,0,0,0,1,overtaking,collision with motor vehicle,none,onondaga,syracuse,1.0,1.944269859,1.2944444444444443,2.3893371939333337
4.0,2.9701592222222217,6,1,-73.9266778373967,40.8451115544523,1,1,0,0,1,1,0,2,0,1,2021,0.485301962531081,-0.8743466161445821,1.2246467991473532e-16,-1.0,0.730835964278124,0.6825531432186541,-0.3641605752528223,-0.9313361774523384,1,1,0,1,0,0,0,0,0,0,0,0,1,0,0,0,rear end,collision with motor vehicle,none,bronx,bronx,2.183333333333333,0.116817748,1.9533333333333334,0.6618015397333336
2.0,25.81801583333333,0,0,-76.1635710281874,43.0663148337332,0,0,0,0,0,0,0,1,1,1,2022,-0.4853019625310808,-0.8743466161445822,-0.4999999999999997,-0.8660254037844388,0.1361666490962471,-0.9906859460363306,-0.9826841245925212,0.1852887240871138,0,0,1,0,0,0,0,0,0,0,0,1,0,0,0,0,other,collision with median barrier,none,onondaga,syracuse,1.1833333333333331,1.032097231,2.081111111111111,2.7192437702000003
1.0,44.303839444444456,4,0,-79.7404758602332,42.1312666714395,0,0,0,0,0,0,0,1,0,0,2021,-0.8486442574947509,0.5289640103269624,-0.5000000000000004,0.8660254037844384,-0.3984010898462415,-0.9172113015054528,0.1590634960190721,-0.9872683547213446,0,0,0,0,0,0,1,0,0,0,0,0,0,0,0,1,other,collision with guide rail,none,chautauqua,mina,3.566666666666667,7.735447579000001,1.6944444444444444,3.0744194338000006
1.0,46.192811,0,0,-76.110234998492,42.8928560111371,0,0,0,0,0,0,0,2,2,1,2022,-0.5712682150947924,0.8207634412072763,1.0,6.123233995736766e-17,0.9422609221188204,-0.3348796121709861,-0.9968120070307502,0.0797861055530826,0,0,0,0,0,0,1,0,0,0,0,0,0,0,0,1,overtaking,collision with motor vehicle,none,onondaga,lafayette,1.3833333333333333,3.31190743,1.748888888888889,2.294267430933333
1.0,41.103772500000005,0,0,-73.7392416165895,42.6592162743822,0,3,0,0,0,0,0,1,0,0,2022,-0.2993631229733582,-0.9541392564000488,0.4999999999999999,0.8660254037844387,0.9976687691905392,-0.0682424133646708,0.97142989326471,-0.2373266998711148,0,0,0,0,0,0,1,0,0,0,0,0,0,0,0,1,other,collision with guide rail,none,albany,albany,1.2666666666666666,2.629642072,1.578888888888889,2.4753349403333336
2.0,21.85987477777778,0,0,-78.9363261792286,42.9984491981987,0,0,0,0,0,0,0,2,0,0,2022,-0.9884683243281114,0.1514277775045766,0.4999999999999999,0.8660254037844387,-0.816969893010442,-0.5766803221148672,0.5528000653611936,-0.8333139190825148,0,0,0,0,0,0,1,0,0,0,0,0,0,0,0,1,overtaking,collision with motor vehicle,none,erie,tonawanda,1.5333333333333334,0.899745208,1.6022222222222224,2.7771555474
1.0,39.95423388888889,3,0,-73.0898292702495,40.8150784186894,0,0,0,0,0,0,0,1,1,1,2021,0.5712682150947923,0.8207634412072763,1.2246467991473532e-16,-1.0,-0.1361666490962464,-0.9906859460363308,-0.97142989326471,-0.2373266998711151,0,0,1,0,0,0,0,0,0,0,0,1,0,0,0,0,other,collision with tree,none,suffolk,brookhaven,0.8833333333333333,1.468921044,2.102222222222222,2.8604606861333335
1.0,42.98653033333333,5,1,-76.1617595546682,42.6089024927637,0,0,0,0,0,0,0,1,0,1,2022,0.6513724827222223,-0.758758122692791,1.0,6.123233995736766e-17,-0.9422609221188204,-0.3348796121709864,0.5528000653611936,-0.8333139190825148,1,1,0,0,0,0,1,0,0,0,0,0,0,0,0,1,other,collision with guide rail,none,cortland,cortland,2.966666666666667,5.688030134,2.2766666666666664,2.709716081533334
2.0,29.850721555555555,1,0,-73.8116701159906,42.6880506788312,0,3,0,0,0,0,0,1,0,1,2022,0.7907757369376989,-0.6121059825476626,0.4999999999999999,0.8660254037844387,0.9976687691905392,-0.0682424133646708,-0.8993121301712191,-0.4373073204588555,0,0,1,0,0,0,0,0,0,0,0,1,0,0,0,0,other,collision with other,none,albany,albany,2.8833333333333333,2.713527157,1.76,2.4998583824666674
1.0,35.85317722222223,1,0,-76.1409366318706,43.0287394909984,0,2,0,0,0,0,0,1,1,0,2022,0.7907757369376989,-0.6121059825476626,0.4999999999999999,0.8660254037844387,0.9790840876823228,0.2034560130526337,-0.8477344278896709,-0.5304209081197426,0,0,0,0,0,0,1,0,0,0,0,0,0,0,0,1,other,collision with guide rail,none,onondaga,syracuse,1.2833333333333334,1.944269859,1.2666666666666666,2.0470031976666667
2.0,29.390906111111114,4,0,-73.7241219315392,42.678347720155,0,0,0,0,0,0,0,1,0,1,2022,-0.9377521321470804,0.3473052528448203,0.8660254037844386,0.5000000000000001,0.1361666490962471,-0.9906859460363306,0.6783118362696161,0.7347741508630673,0,0,0,0,0,0,1,0,0,0,0,0,0,0,0,1,other,collision with sign post,none,albany,menands,1.1,0.989844003,1.7644444444444443,2.6511000838666665
3.0,17.100163555555557,4,0,-73.9955214563735,41.5193549066556,0,3,0,0,0,0,0,3,0,0,2022,-0.72479278722912,0.6889669190756865,0.4999999999999999,-0.8660254037844387,0.8878852184023752,0.4600650377311522,0.847734427889671,-0.5304209081197424,0,0,0,1,0,0,0,0,0,0,0,1,0,0,0,0,other,collision with motor vehicle,no passing zone,dutchess,fishkill,1.6833333333333331,0.691585923,5.054444444444444,1.5040077931333333
2.0,25.376841555555558,4,0,-73.9955214563735,41.5193549066556,0,3,0,0,0,0,0,3,0,0,2022,-0.72479278722912,0.6889669190756865,0.4999999999999999,-0.8660254037844387,0.8878852184023752,0.4600650377311522,0.847734427889671,-0.5304209081197424,0,0,0,1,0,0,0,0,0,0,0,1,0,0,0,0,other,collision with motor vehicle,no passing zone,dutchess,fishkill,1.2,0.923357306,5.054444444444444,1.5040077931333333
1.0,36.21357311111112,4,0,-73.7241219315392,42.678347720155,0,0,0,0,0,0,0,1,0,1,2022,-0.9377521321470804,0.3473052528448203,0.8660254037844386,0.5000000000000001,0.1361666490962471,-0.9906859460363306,0.6783118362696161,0.7347741508630673,0,0,0,0,0,0,1,0,0,0,0,0,0,0,0,1,other,collision with sign post,none,albany,menands,1.5333333333333334,2.186604549,1.7644444444444443,2.6511000838666665
2.0,30.229758611111112,4,0,-73.7241219315392,42.678347720155,0,0,0,0,0,0,0,1,0,1,2022,-0.9377521321470804,0.3473052528448203,0.8660254037844386,0.5000000000000001,0.1361666490962471,-0.9906859460363306,0.6783118362696161,0.7347741508630673,0,0,0,0,0,0,1,0,0,0,0,0,0,0,0,1,other,collision with sign post,none,albany,menands,2.25,2.186604549,1.7644444444444443,2.6511000838666665
3.0,19.98954438888889,5,1,-78.8224369967947,43.0042890854833,0,0,0,0,0,0,0,3,0,0,2022,-0.651372482722222,-0.7587581226927911,0.8660254037844386,0.5000000000000001,-0.6310879443260528,-0.7757112907044198,0.0,1.0,0,0,0,1,0,0,0,0,0,0,0,0,1,0,0,0,other,collision with motor vehicle,traffic signal,erie,tonawanda,1.3333333333333333,0.6685951960000001,1.7344444444444445,2.8588036968
1.0,38.93518344444445,0,0,-73.9405054075377,41.5301111270104,1,3,0,0,1,1,0,1,0,0,2022,-0.2993631229733582,-0.9541392564000488,0.4999999999999999,0.8660254037844387,0.9976687691905392,-0.0682424133646708,0.2631025642275216,-0.9647678688145158,0,0,0,0,0,0,1,0,0,0,0,0,0,0,1,0,other,collision with guide rail,none,dutchess,fishkill,2.1,3.356024771,2.4311111111111106,3.8463693394666674
1.0,43.62654372222222,1,0,-73.8037355234224,42.6867586663987,1,0,0,0,1,1,0,1,0,1,2022,-0.651372482722222,-0.7587581226927911,0.8660254037844387,-0.4999999999999998,0.9976687691905392,-0.0682424133646708,-0.9213119778704132,0.3888241754733201,1,1,0,0,0,0,1,0,0,0,0,0,0,0,0,1,other,other non collision,none,albany,albany,1.05,2.540164648,1.581111111111111,2.4730151552666664
1.0,42.40865416666666,0,0,-73.947644486983,41.5297513310597,0,0,0,0,0,0,0,2,0,0,2022,-0.2993631229733582,-0.9541392564000488,0.4999999999999999,0.8660254037844387,0.1361666490962471,-0.9906859460363306,0.6783118362696161,0.7347741508630673,1,1,1,0,0,0,0,0,0,0,0,0,1,0,0,0,overtaking,collision with motor vehicle,other,dutchess,fishkill,1.0333333333333334,1.997707765,2.152222222222222,2.4826671181333344
1.0,39.593838,1,0,-75.8597638313872,42.161240869391,0,3,1,0,0,0,0,1,0,0,2022,-0.651372482722222,-0.7587581226927911,0.8660254037844387,-0.4999999999999998,0.5195839500354336,0.8544194045464886,-0.63824418364482,-0.7698339834299063,0,0,0,0,0,0,1,0,0,0,0,0,0,0,0,1,other,collision with tree,none,broome,fenton,1.1833333333333331,2.304043668,1.748888888888889,2.9955467415333334
4.0,2.3612144444444447,4,0,-73.9309359123939,40.8175517439407,0,2,0,0,0,0,0,3,0,1,2022,0.9680771188662044,-0.2506525322587204,-1.0,-1.8369701987210294e-16,0.730835964278124,0.6825531432186541,0.4132121857683781,0.9106347728549132,0,0,0,1,0,0,0,0,0,0,0,0,1,0,0,0,other,collision with motor vehicle,none,bronx,bronx,2.7333333333333334,0.116817748,1.9788888888888891,0.7574926737333334
4.0,7.065002166666667,5,1,-76.1276601876729,42.7720088887589,0,0,0,0,0,0,0,2,0,1,2021,0.9680771188662044,-0.2506525322587204,-0.8660254037844386,0.5000000000000001,-0.1361666490962464,-0.9906859460363308,-0.8183027759081689,0.574787410214407,0,0,0,1,0,0,0,0,0,0,0,1,0,0,0,0,rear end,collision with motor vehicle,none,cortland,preble,17.066666666666666,2.229479148,1.8333333333333333,2.2141519966666667
1.0,43.55197905555556,3,0,-78.9338540370638,42.9965783773886,0,2,0,0,0,0,0,3,0,0,2022,0.5712682150947923,0.8207634412072763,0.8660254037844386,0.5000000000000001,-0.979084087682323,0.2034560130526333,0.7164567402983153,-0.6976315211349846,0,0,0,0,0,0,1,0,0,0,0,0,0,0,0,1,other,collision with motor vehicle,none,erie,tonawanda,1.75,4.457715554,1.9344444444444444,3.401053456133334
1.0,40.46997283333333,4,0,-73.7241219315392,42.678347720155,0,0,0,0,0,0,0,1,0,0,2022,-0.9377521321470804,0.3473052528448203,0.8660254037844386,0.5000000000000001,0.1361666490962471,-0.9906859460363306,0.6783118362696161,0.7347741508630673,0,0,0,0,0,0,1,0,0,0,0,0,0,0,0,1,other,collision with sign post,none,albany,menands,1.6,3.1310884690000003,1.7644444444444447,2.6511000838666665
2.0,24.892171222222224,4,0,-73.6230790469602,40.7832260245278,0,0,0,0,0,0,0,2,2,1,2021,-0.2012985200886611,0.9795299412524944,-0.4999999999999997,-0.8660254037844388,0.1361666490962471,-0.9906859460363306,0.847734427889671,-0.5304209081197424,0,0,0,1,0,0,0,0,0,0,0,0,1,0,0,0,rear end,collision with motor vehicle,traffic signal,nassau,old westbury,1.2333333333333334,0.858734722,1.681111111111111,1.3179693157333334
1.0,37.31340194444445,1,0,-77.5531392463579,43.1298084334969,1,0,0,0,1,1,0,1,1,0,2021,-0.9987165071710528,-0.0506491688387135,-0.5000000000000004,0.8660254037844384,0.9422609221188204,-0.3348796121709861,0.921311977870413,0.3888241754733207,0,0,0,0,0,0,1,0,0,0,0,0,1,0,0,0,other,collision with guide rail,none,monroe,brighton,1.0,1.651604118,1.7766666666666666,2.9913628434666673
1.0,39.46956355555556,4,0,-73.6967268781482,42.7440377887774,0,0,0,0,0,0,0,1,0,1,2022,-0.9377521321470804,0.3473052528448203,0.8660254037844386,0.5000000000000001,0.1361666490962471,-0.9906859460363306,0.0,1.0,1,0,0,0,0,0,1,0,0,0,0,0,0,0,0,1,other,collision with guide rail,none,albany,colonie,1.0333333333333334,1.880268646,1.4411111111111112,2.6870567523999997
1.0,40.19656905555556,1,0,-76.1424959894385,43.0427110134928,0,2,0,0,0,0,0,2,2,1,2021,-0.9987165071710528,-0.0506491688387135,-0.5000000000000004,0.8660254037844384,0.9976687691905392,-0.0682424133646708,0.0,1.0,0,0,1,0,0,0,0,0,0,0,0,0,0,0,0,1,overtaking,collision with motor vehicle,traffic signal,onondaga,syracuse,1.2333333333333334,2.489212226,1.3022222222222222,2.2491144716
2.0,22.60552144444445,4,0,-73.9648687583486,41.5211875598814,3,3,1,0,1,0,1,1,0,0,2021,0.7907757369376989,-0.6121059825476626,1.2246467991473532e-16,-1.0,0.2697967711570243,0.9629172873477994,0.9574220383620056,0.2886919473396211,0,0,0,1,0,0,0,0,1,1,0,0,1,0,0,0,other,collision with earth element rock cut ditch,none,dutchess,fishkill,1.5833333333333333,1.010349246,1.8255555555555556,3.171519008733333
1.0,45.73920927777778,6,1,-77.8220313288399,42.3183216395966,0,0,0,0,0,0,0,1,0,0,2021,-0.5712682150947924,0.8207634412072763,-0.5000000000000004,0.8660254037844384,-0.1361666490962464,-0.9906859460363308,-0.63824418364482,-0.7698339834299063,0,0,1,0,0,0,0,0,0,0,0,0,0,0,0,1,other,collision with tree,none,allegany,almond,2.466666666666667,5.526473674,2.2244444444444444,3.3408218938666665
2.0,26.18462544444445,3,0,-78.881660297976,42.8822611868435,1,0,0,0,1,1,0,1,0,0,2022,0.9377521321470804,0.3473052528448203,0.4999999999999999,0.8660254037844387,0.1361666490962471,-0.9906859460363306,-0.9968120070307502,0.0797861055530826,0,0,1,0,0,0,0,0,0,0,0,0,0,0,0,1,other,collision with crash cushion,none,erie,buffalo,7.9,6.2578273410000005,2.1966666666666663,3.0913621497333335
1.0,42.92439311111112,4,0,-73.6536247980615,41.3444610690826,0,3,0,0,0,0,0,2,1,0,2022,0.9884683243281114,0.1514277775045767,0.4999999999999999,0.8660254037844387,0.9790840876823228,0.2034560130526337,-0.5076658003388407,0.8615540813938056,0,0,0,0,0,0,1,0,0,0,0,0,0,0,0,1,overtaking,collision with motor vehicle,none,westchester,north salem,1.0666666666666669,2.015727524,7.266666666666667,1.6189200034000002
2.0,34.65392883333334,4,0,-73.8673067093488,41.524989509963,0,0,0,0,0,0,0,1,0,0,2022,-0.9377521321470804,0.3473052528448203,0.8660254037844386,0.5000000000000001,0.631087944326053,-0.7757112907044197,-2.4492935982947064e-16,1.0,0,0,0,0,0,0,1,0,0,0,0,0,0,0,1,0,other,collision with earth element rock cut ditch,none,dutchess,fishkill,1.8166666666666669,2.220158583,1.8255555555555558,3.1715190087333336
1.0,37.245051,1,0,-76.1409366318706,43.0287394909984,0,2,0,0,0,0,0,1,1,0,2022,0.7907757369376989,-0.6121059825476626,0.4999999999999999,0.8660254037844387,0.9790840876823228,0.2034560130526337,-0.8477344278896709,-0.5304209081197426,0,0,0,0,0,0,1,0,0,0,0,0,0,0,0,1,other,collision with guide rail,none,onondaga,syracuse,1.1666666666666667,1.944269859,1.2666666666666666,2.0470031976666667
1.0,48.51674311111112,0,0,-73.6929204167782,41.5227729275796,0,3,0,0,0,0,0,1,0,0,2022,-0.2993631229733582,-0.9541392564000488,0.4999999999999999,0.8660254037844387,0.2697967711570243,0.9629172873477994,-0.5076658003388407,0.8615540813938056,0,0,0,0,0,0,1,0,0,0,0,0,0,0,0,1,other,collision with guide rail,none,dutchess,east fishkill,3.65,10.295496099,2.951111111111111,5.348223046466666
2.0,30.72685638888889,0,0,-73.7170501455701,42.6876987963014,0,0,0,0,0,0,0,1,0,1,2022,-0.2993631229733582,-0.9541392564000488,0.4999999999999999,0.8660254037844387,0.8169698930104421,-0.5766803221148671,0.5076658003388399,0.8615540813938061,0,0,0,0,0,0,1,0,0,0,0,1,0,0,0,0,other,collision with guide rail,none,albany,menands,1.4333333333333331,1.43536701,1.346666666666667,2.404788619466666
1.0,40.8800785,1,0,-77.5531392463579,43.1298084334969,1,0,0,0,1,1,0,1,1,0,2021,-0.9987165071710528,-0.0506491688387135,-0.5000000000000004,0.8660254037844384,0.9422609221188204,-0.3348796121709861,0.921311977870413,0.3888241754733207,0,0,0,0,0,0,1,0,0,0,0,0,1,0,0,0,other,collision with guide rail,none,monroe,brighton,1.0,2.005785588,1.7766666666666666,2.9913628434666673
1.0,37.84778205555556,0,0,-73.9419269243287,41.5297808948783,0,3,0,0,0,0,0,1,0,0,2022,-0.2993631229733582,-0.9541392564000488,0.4999999999999999,0.8660254037844387,0.9790840876823228,0.2034560130526337,-0.5076658003388407,0.8615540813938056,1,0,0,0,0,0,1,0,0,0,0,0,0,0,1,0,other,collision with guide rail,none,dutchess,fishkill,2.25,3.356024771,2.4311111111111114,3.8463693394666674
1.0,36.44348083333334,1,0,-76.0800982503569,42.5196150975183,0,0,0,0,0,0,0,1,0,1,2022,-0.651372482722222,-0.7587581226927911,0.8660254037844387,-0.4999999999999998,0.9422609221188204,-0.3348796121709861,0.9996456111234526,-0.0266205214377746,1,1,0,0,0,0,1,0,0,0,0,0,0,0,0,1,other,collision with snow embankment,none,cortland,virgil,3.35,4.301751433,1.9688888888888887,3.5008042140000004
1.0,43.38420855555557,4,0,-79.74129463103,42.1310605954479,1,0,0,0,1,1,0,1,0,0,2021,-0.8486442574947509,0.5289640103269624,-0.5000000000000004,0.8660254037844384,-0.6310879443260528,-0.7757112907044198,-0.678311836269616,0.7347741508630673,0,0,0,0,0,0,1,0,0,0,0,0,0,0,0,1,other,collision with guide rail,none,chautauqua,mina,3.1333333333333333,6.413791462,1.6944444444444444,3.0744194338000006
4.0,3.032296444444445,4,0,-73.8977989205681,40.8439615835776,2,1,0,0,1,1,0,2,0,1,2022,-0.101168321987432,-0.9948693233918952,-1.0,-1.8369701987210294e-16,0.9790840876823228,0.2034560130526337,-0.0532221748421785,-0.998582695676762,0,0,0,1,0,0,0,0,0,0,0,0,1,0,0,0,overtaking,collision with motor vehicle,none,bronx,bronx,2.083333333333333,0.116817748,1.8433333333333333,0.7014450095333333
1.0,42.88089705555556,4,0,-75.8002411603147,42.0700814784487,0,0,0,0,0,0,0,2,0,1,2021,-2.4492935982947064e-16,1.0,-2.4492935982947064e-16,1.0,0.3984010898462414,-0.917211301505453,0.847734427889671,-0.5304209081197424,0,0,0,1,0,0,0,0,0,0,0,1,0,0,0,0,rear end,collision with motor vehicle,none,broome,kirkwood,4.0,7.639135074,2.6377777777777776,2.679683149866667